filename,gender
male-sample-000008.wav,male
male-sample-000014.wav,male
male-sample-000019.wav,male
male-sample-000020.wav,male
male-sample-000023.wav,male
male-sample-000027.wav,male
male-sample-000029.wav,male
male-sample-000036.wav,male
male-sample-000043.wav,male
male-sample-000044.wav,male
male-sample-000047.wav,male
male-sample-000049.wav,male
male-sample-000050.wav,male
male-sample-000053.wav,male
male-sample-000054.wav,male
male-sample-000056.wav,male
male-sample-000062.wav,male
male-sample-000065.wav,male
male-sample-000068.wav,male
male-sample-000072.wav,male
male-sample-000073.wav,male
male-sample-000081.wav,male
male-sample-000082.wav,male
male-sample-000092.wav,male
male-sample-000097.wav,male
male-sample-000100.wav,male
male-sample-000105.wav,male
male-sample-000111.wav,male
male-sample-000115.wav,male
male-sample-000116.wav,male
male-sample-000118.wav,male
male-sample-000121.wav,male
male-sample-000132.wav,male
male-sample-000135.wav,male
male-sample-000137.wav,male
male-sample-000140.wav,male
male-sample-000146.wav,male
male-sample-000154.wav,male
male-sample-000167.wav,male
male-sample-000168.wav,male
male-sample-000175.wav,male
male-sample-000179.wav,male
male-sample-000180.wav,male
male-sample-000181.wav,male
male-sample-000187.wav,male
male-sample-000191.wav,male
male-sample-000192.wav,male
male-sample-000193.wav,male
male-sample-000194.wav,male
male-sample-000195.wav,male
male-sample-000197.wav,male
male-sample-000201.wav,male
male-sample-000202.wav,male
male-sample-000204.wav,male
male-sample-000205.wav,male
male-sample-000213.wav,male
male-sample-000216.wav,male
male-sample-000218.wav,male
male-sample-000219.wav,male
male-sample-000225.wav,male
male-sample-000229.wav,male
male-sample-000235.wav,male
male-sample-000238.wav,male
male-sample-000239.wav,male
male-sample-000243.wav,male
male-sample-000246.wav,male
male-sample-000247.wav,male
male-sample-000250.wav,male
male-sample-000254.wav,male
male-sample-000262.wav,male
male-sample-000265.wav,male
male-sample-000266.wav,male
male-sample-000273.wav,male
male-sample-000274.wav,male
male-sample-000277.wav,male
male-sample-000278.wav,male
male-sample-000283.wav,male
male-sample-000285.wav,male
male-sample-000286.wav,male
male-sample-000290.wav,male
male-sample-000292.wav,male
male-sample-000293.wav,male
male-sample-000294.wav,male
male-sample-000297.wav,male
male-sample-000299.wav,male
male-sample-000300.wav,male
male-sample-000303.wav,male
male-sample-000304.wav,male
male-sample-000317.wav,male
male-sample-000322.wav,male
male-sample-000325.wav,male
male-sample-000333.wav,male
male-sample-000343.wav,male
male-sample-000345.wav,male
male-sample-000355.wav,male
male-sample-000360.wav,male
male-sample-000369.wav,male
male-sample-000374.wav,male
male-sample-000375.wav,male
male-sample-000378.wav,male
female-sample-000013.wav,female
female-sample-000026.wav,female
female-sample-000034.wav,female
female-sample-000039.wav,female
female-sample-000051.wav,female
female-sample-000057.wav,female
female-sample-000059.wav,female
female-sample-000077.wav,female
female-sample-000088.wav,female
female-sample-000101.wav,female
female-sample-000106.wav,female
female-sample-000124.wav,female
female-sample-000128.wav,female
female-sample-000133.wav,female
female-sample-000155.wav,female
female-sample-000159.wav,female
female-sample-000169.wav,female
female-sample-000184.wav,female
female-sample-000196.wav,female
female-sample-000203.wav,female
female-sample-000214.wav,female
female-sample-000217.wav,female
female-sample-000221.wav,female
female-sample-000236.wav,female
female-sample-000242.wav,female
female-sample-000248.wav,female
female-sample-000255.wav,female
female-sample-000270.wav,female
female-sample-000280.wav,female
female-sample-000305.wav,female
female-sample-000341.wav,female
female-sample-000350.wav,female
female-sample-000362.wav,female
female-sample-000368.wav,female
female-sample-000410.wav,female
female-sample-000419.wav,female
female-sample-000420.wav,female
female-sample-000425.wav,female
female-sample-000427.wav,female
female-sample-000432.wav,female
female-sample-000443.wav,female
female-sample-000451.wav,female
female-sample-000493.wav,female
female-sample-000517.wav,female
female-sample-000556.wav,female
female-sample-000563.wav,female
female-sample-000571.wav,female
female-sample-000586.wav,female
female-sample-000597.wav,female
female-sample-000619.wav,female
female-sample-000629.wav,female
female-sample-000645.wav,female
female-sample-000655.wav,female
female-sample-000663.wav,female
female-sample-000716.wav,female
female-sample-000720.wav,female
female-sample-000740.wav,female
female-sample-000741.wav,female
female-sample-000762.wav,female
female-sample-000766.wav,female
female-sample-000775.wav,female
female-sample-000784.wav,female
female-sample-000794.wav,female
female-sample-000802.wav,female
female-sample-000851.wav,female
female-sample-000854.wav,female
female-sample-000866.wav,female
female-sample-000867.wav,female
female-sample-000873.wav,female
female-sample-000887.wav,female
female-sample-000903.wav,female
female-sample-000909.wav,female
female-sample-000927.wav,female
female-sample-000939.wav,female
female-sample-000947.wav,female
female-sample-000967.wav,female
female-sample-000968.wav,female
female-sample-000976.wav,female
female-sample-000980.wav,female
female-sample-000995.wav,female
female-sample-001005.wav,female
female-sample-001010.wav,female
female-sample-001014.wav,female
female-sample-001028.wav,female
female-sample-001043.wav,female
female-sample-001045.wav,female
female-sample-001066.wav,female
female-sample-001069.wav,female
female-sample-001100.wav,female
female-sample-001102.wav,female
female-sample-001103.wav,female
female-sample-001104.wav,female
female-sample-001129.wav,female
female-sample-001136.wav,female
female-sample-001153.wav,female
female-sample-001164.wav,female
female-sample-001193.wav,female
female-sample-001194.wav,female
female-sample-001216.wav,female
female-sample-001237.wav,female
